<?xml version="1.0" encoding="UTF-8"?>
<Configuration>
	<Appenders>
		<Console name="Console" target="System_out">
			<PatternLayout>
				<Pattern>
				[%-5level] %d{yyyy-MM-dd HH:mm:ss.SSS} [%t] %c{1} - %msg%n
				</Pattern>
			</PatternLayout>
		</Console>
		<File name="File" fileName="Log.log">
			<PatternLayout>
				<Pattern>
					[%-5level] %d{yyyy-MM-dd HH:mm:ss.SSS} [%t] %c{1} - %msg%n
				</Pattern>
			</PatternLayout>
		
		</File>
	</Appenders>
	<Loggers>
		<Logger name="com.driver.accounts.Account" level = "info" additivity= "false">
			<AppenderRef ref = "File"/>
		</Logger>
		<Root>
			<AppenderRef ref="Console"/>
			<AppenderRef ref = "File"/>
		</Root>
	</Loggers>
</Configuration>